{
  "N_greedy": {
    "global_wer": 17.086439653435423,
    "entity_summary": {
      "all": {
        "n": 1364,
        "full_pct": 63.85630498533724,
        "partial_pct": 69.06158357771261
      },
      "seen": {
        "n": 1088,
        "full_pct": 70.77205882352942,
        "partial_pct": 75.0
      },
      "unseen": {
        "n": 276,
        "full_pct": 36.594202898550726,
        "partial_pct": 45.65217391304348
      },
      "1_token": {
        "n": 1046,
        "full_pct": 66.25239005736138,
        "partial_pct": 66.25239005736138
      },
      "2plus_token": {
        "n": 318,
        "full_pct": 55.9748427672956,
        "partial_pct": 78.30188679245283
      }
    }
  },
  "PL_greedy": {
    "global_wer": 55.92047820538652,
    "entity_summary": {
      "all": {
        "n": 1364,
        "full_pct": 66.64222873900293,
        "partial_pct": 70.74780058651027
      },
      "seen": {
        "n": 1088,
        "full_pct": 69.11764705882352,
        "partial_pct": 72.05882352941177
      },
      "unseen": {
        "n": 276,
        "full_pct": 56.88405797101449,
        "partial_pct": 65.57971014492753
      },
      "1_token": {
        "n": 1046,
        "full_pct": 70.74569789674953,
        "partial_pct": 70.74569789674953
      },
      "2plus_token": {
        "n": 318,
        "full_pct": 53.144654088050316,
        "partial_pct": 70.75471698113208
      }
    }
  },
  "PL+SF3_beam5": {
    "global_wer": 282.71206931291556,
    "entity_summary": {
      "all": {
        "n": 1364,
        "full_pct": 67.08211143695014,
        "partial_pct": 71.40762463343108
      },
      "seen": {
        "n": 1088,
        "full_pct": 69.11764705882352,
        "partial_pct": 72.24264705882352
      },
      "unseen": {
        "n": 276,
        "full_pct": 59.05797101449275,
        "partial_pct": 68.11594202898551
      },
      "1_token": {
        "n": 1046,
        "full_pct": 71.79732313575525,
        "partial_pct": 71.79732313575525
      },
      "2plus_token": {
        "n": 318,
        "full_pct": 51.57232704402516,
        "partial_pct": 70.12578616352201
      }
    }
  }
}