{
  "N_greedy": {
    "global_wer": 13.533481093424676,
    "entity_summary": {
      "all": {
        "n": 1364,
        "full_pct": 75.80645161290323,
        "partial_pct": 80.20527859237536
      },
      "seen": {
        "n": 1088,
        "full_pct": 87.95955882352942,
        "partial_pct": 90.44117647058823
      },
      "unseen": {
        "n": 276,
        "full_pct": 27.898550724637683,
        "partial_pct": 39.85507246376812
      },
      "1_token": {
        "n": 1046,
        "full_pct": 78.10707456978967,
        "partial_pct": 78.10707456978967
      },
      "2plus_token": {
        "n": 318,
        "full_pct": 68.23899371069182,
        "partial_pct": 87.10691823899371
      }
    }
  },
  "PL_greedy": {
    "global_wer": 12.170058432399758,
    "entity_summary": {
      "all": {
        "n": 1364,
        "full_pct": 84.89736070381232,
        "partial_pct": 89.51612903225806
      },
      "seen": {
        "n": 1088,
        "full_pct": 92.64705882352942,
        "partial_pct": 94.94485294117648
      },
      "unseen": {
        "n": 276,
        "full_pct": 54.347826086956516,
        "partial_pct": 68.11594202898551
      },
      "1_token": {
        "n": 1046,
        "full_pct": 88.33652007648183,
        "partial_pct": 88.33652007648183
      },
      "2plus_token": {
        "n": 318,
        "full_pct": 73.58490566037736,
        "partial_pct": 93.39622641509435
      }
    }
  },
  "PL+SF3_beam5": {
    "global_wer": 12.458862247296661,
    "entity_summary": {
      "all": {
        "n": 1364,
        "full_pct": 88.04985337243401,
        "partial_pct": 92.59530791788856
      },
      "seen": {
        "n": 1088,
        "full_pct": 93.38235294117648,
        "partial_pct": 95.86397058823529
      },
      "unseen": {
        "n": 276,
        "full_pct": 67.02898550724638,
        "partial_pct": 79.71014492753623
      },
      "1_token": {
        "n": 1046,
        "full_pct": 91.8738049713193,
        "partial_pct": 91.8738049713193
      },
      "2plus_token": {
        "n": 318,
        "full_pct": 75.47169811320755,
        "partial_pct": 94.9685534591195
      }
    }
  }
}